Workbook

Sheet Ad Sets
A1: Ad set | B1: Angle | C1: Headline 1 | D1: Headline 2 | E1: Headline 3 | F1: Description 1 | G1: Description 2 | H1: Spare headlines (rotate in) | I1: Status / note
A2: Set 1 | B2: Core AI sales agent | C2: AI Sales Agent for SugarAI | D2: Score Leads. Flag Risky Deals | E2: Book a SugarAI Demo | F2: Built-in AI scores leads, flags at-risk deals and drafts summaries inside your CRM. | G2: 26 years of UAE and GCC CRM experience. Get SugarAI set up and supported. Talk to us. | H2: Score Every Lead Instantly | Spot At-Risk Deals Early | Get a Free Consultation | I2: Active. Description 2 mentions UAE and GCC; swap in Set 4 Description 2 if you want no location wording.
A3: Set 2 | B3: Save time for busy sales leaders | C3: Less Admin, More Selling | D3: CRM-Integrated AI Agents | E3: See SugarAI Work Live | F3: Less admin, more selling. AI agents that read your CRM data. Book a live demo today. | G3: Works even with incomplete CRM data. Cloud or on-premise. One team from setup to support. | H3: Your CRM, Now AI-Powered | AI Agents Inside Your CRM | Talk to Our CRM Experts | I3: Active.
A4: Set 3 | B4: Local trust (UAE and GCC) | C4: SugarAI Partner in the UAE | D4: Know Your Next Best Action | E4: Talk to Our CRM Experts | F4: Give reps the next best action. SugarAI works inside your CRM, with HLB HAMT in the UAE. | G4: Cloud or on-premise SugarAI for UAE and GCC data residency. Book a free consultation. | H4: 26 Years in UAE and GCC | Cloud or On-Premise SugarAI | I4: Optional. You said UAE and GCC searches are not required, so keep this paused unless you change your targeting.
A5: Set 4 | B5: Score, forecast and prioritise | C5: SugarAI Sales Agent | D5: Scores Every Lead for You | E5: Forecast Which Deals Close | F5: Your AI sales agent scores leads the moment they are created, so reps call the best first. | G5: Trained on your own won and lost deals, not a generic benchmark. See it live in a demo. | H5: Flag Deals Losing Momentum | Trained on Your Won/Lost Deals | Book a SugarAI Demo | I5: Active.
A6: Set 5 | B6: Summaries and next best action | C6: Your CRM's AI Sales Assistant | D6: Next Best Action, Every Rep | E6: Meeting Prep Done for You | F6: AI drafts account summaries and meeting prep, so reps stop piecing context together. | G6: Works with incomplete CRM data and suggests the next best action. Book a SugarAI demo. | H6: Auto-Drafted Account Summaries | See SugarAI Work Live | Less Admin, More Selling | I6: Active.

Sheet All-in-one RSA
A1: Type | B1: # | C1: Text | D1: Characters | E1: Limit | F1: Status | G1: Pin
A2: Headline | B2: 1 | C2: AI Sales Agent for SugarAI | D2: =LEN(C2) | E2: 30 | F2: =IF(D2<=E2,"OK","Too long") | G2: Position 1
A3: Headline | B3: 2 | C3: Score Leads. Flag Risky Deals | D3: =LEN(C3) | E3: 30 | F3: =IF(D3<=E3,"OK","Too long")
A4: Headline | B4: 3 | C4: Book a SugarAI Demo | D4: =LEN(C4) | E4: 30 | F4: =IF(D4<=E4,"OK","Too long") | G4: Position 3
A5: Headline | B5: 4 | C5: Less Admin, More Selling | D5: =LEN(C5) | E5: 30 | F5: =IF(D5<=E5,"OK","Too long")
A6: Headline | B6: 5 | C6: CRM-Integrated AI Agents | D6: =LEN(C6) | E6: 30 | F6: =IF(D6<=E6,"OK","Too long")
A7: Headline | B7: 6 | C7: See SugarAI Work Live | D7: =LEN(C7) | E7: 30 | F7: =IF(D7<=E7,"OK","Too long")
A8: Headline | B8: 7 | C8: SugarAI Sales Agent | D8: =LEN(C8) | E8: 30 | F8: =IF(D8<=E8,"OK","Too long")
A9: Headline | B9: 8 | C9: Scores Every Lead for You | D9: =LEN(C9) | E9: 30 | F9: =IF(D9<=E9,"OK","Too long")
A10: Headline | B10: 9 | C10: Forecast Which Deals Close | D10: =LEN(C10) | E10: 30 | F10: =IF(D10<=E10,"OK","Too long")
A11: Headline | B11: 10 | C11: Your CRM's AI Sales Assistant | D11: =LEN(C11) | E11: 30 | F11: =IF(D11<=E11,"OK","Too long")
A12: Headline | B12: 11 | C12: Next Best Action, Every Rep | D12: =LEN(C12) | E12: 30 | F12: =IF(D12<=E12,"OK","Too long")
A13: Headline | B13: 12 | C13: Meeting Prep Done for You | D13: =LEN(C13) | E13: 30 | F13: =IF(D13<=E13,"OK","Too long")
A14: Headline | B14: 13 | C14: Flag Deals Losing Momentum | D14: =LEN(C14) | E14: 30 | F14: =IF(D14<=E14,"OK","Too long")
A15: Headline | B15: 14 | C15: Auto-Drafted Account Summaries | D15: =LEN(C15) | E15: 30 | F15: =IF(D15<=E15,"OK","Too long")
A16: Headline | B16: 15 | C16: Trained on Your Won/Lost Deals | D16: =LEN(C16) | E16: 30 | F16: =IF(D16<=E16,"OK","Too long")
... A20: Description | B20: 4 | C20: Trained on your own won and lost deals, not a generic benchmark. See it live in a demo. | D20: =LEN(C20) | E20: 90 | F20: =IF(D20<=E20,"OK","Too long")
A21: Display URL | B21: Path 1 | C21: ai-sales-agent | D21: =LEN(C21) | E21: 15 | F21: =IF(D21<=E21,"OK","Too long")
A22: Display URL | B22: Path 2 | C22: sugarai-crm | D22: =LEN(C22) | E22: 15 | F22: =IF(D22<=E22,"OK","Too long")
A23: Final URL | C23: [SUGARAI PAGE URL] | F23: Fill in

Sheet Character Check
A1: Ad set | B1: Element | C1: Text | D1: Characters | E1: Limit | F1: Status
A2: Set 1 | B2: Headline 1 | C2: ='Ad Sets'!C2 | D2: =LEN(C2) | E2: 30 | F2: =IF(D2<=E2,"OK","Too long")
A3: Set 1 | B3: Headline 2 | C3: ='Ad Sets'!D2 | D3: =LEN(C3) | E3: 30 | F3: =IF(D3<=E3,"OK","Too long")
A4: Set 1 | B4: Headline 3 | C4: ='Ad Sets'!E2 | D4: =LEN(C4) | E4: 30 | F4: =IF(D4<=E4,"OK","Too long")
A5: Set 1 | B5: Description 1 | C5: ='Ad Sets'!F2 | D5: =LEN(C5) | E5: 90 | F5: =IF(D5<=E5,"OK","Too long")
A6: Set 1 | B6: Description 2 | C6: ='Ad Sets'!G2 | D6: =LEN(C6) | E6: 90 | F6: =IF(D6<=E6,"OK","Too long")
A7: Set 2 | B7: Headline 1 | C7: ='Ad Sets'!C3 | D7: =LEN(C7) | E7: 30 | F7: =IF(D7<=E7,"OK","Too long")
A8: Set 2 | B8: Headline 2 | C8: ='Ad Sets'!D3 | D8: =LEN(C8) | E8: 30 | F8: =IF(D8<=E8,"OK","Too long")
A9: Set 2 | B9: Headline 3 | C9: ='Ad Sets'!E3 | D9: =LEN(C9) | E9: 30 | F9: =IF(D9<=E9,"OK","Too long")
A10: Set 2 | B10: Description 1 | C10: ='Ad Sets'!F3 | D10: =LEN(C10) | E10: 90 | F10: =IF(D10<=E10,"OK","Too long")
A11: Set 2 | B11: Description 2 | C11: ='Ad Sets'!G3 | D11: =LEN(C11) | E11: 90 | F11: =IF(D11<=E11,"OK","Too long")
A12: Set 3 | B12: Headline 1 | C12: ='Ad Sets'!C4 | D12: =LEN(C12) | E12: 30 | F12: =IF(D12<=E12,"OK","Too long")
A13: Set 3 | B13: Headline 2 | C13: ='Ad Sets'!D4 | D13: =LEN(C13) | E13: 30 | F13: =IF(D13<=E13,"OK","Too long")
A14: Set 3 | B14: Headline 3 | C14: ='Ad Sets'!E4 | D14: =LEN(C14) | E14: 30 | F14: =IF(D14<=E14,"OK","Too long")
A15: Set 3 | B15: Description 1 | C15: ='Ad Sets'!F4 | D15: =LEN(C15) | E15: 90 | F15: =IF(D15<=E15,"OK","Too long")
A16: Set 3 | B16: Description 2 | C16: ='Ad Sets'!G4 | D16: =LEN(C16) | E16: 90 | F16: =IF(D16<=E16,"OK","Too long")
A17: Set 4 | B17: Headline 1 | C17: ='Ad Sets'!C5 | D17: =LEN(C17) | E17: 30 | F17: =IF(D17<=E17,"OK","Too long")
A18: Set 4 | B18: Headline 2 | C18: ='Ad Sets'!D5 | D18: =LEN(C18) | E18: 30 | F18: =IF(D18<=E18,"OK","Too long")
A19: Set 4 | B19: Headline 3 | C19: ='Ad Sets'!E5 | D19: =LEN(C19) | E19: 30 | F19: =IF(D19<=E19,"OK","Too long")
A20: Set 4 | B20: Description 1 | C20: ='Ad Sets'!F5 | D20: =LEN(C20) | E20: 90 | F20: =IF(D20<=E20,"OK","Too long")
A21: Set 4 | B21: Description 2 | C21: ='Ad Sets'!G5 | D21: =LEN(C21) | E21: 90 | F21: =IF(D21<=E21,"OK","Too long")
A22: Set 5 | B22: Headline 1 | C22: ='Ad Sets'!C6 | D22: =LEN(C22) | E22: 30 | F22: =IF(D22<=E22,"OK","Too long")
A23: Set 5 | B23: Headline 2 | C23: ='Ad Sets'!D6 | D23: =LEN(C23) | E23: 30 | F23: =IF(D23<=E23,"OK","Too long")
A24: Set 5 | B24: Headline 3 | C24: ='Ad Sets'!E6 | D24: =LEN(C24) | E24: 30 | F24: =IF(D24<=E24,"OK","Too long")
A25: Set 5 | B25: Description 1 | C25: ='Ad Sets'!F6 | D25: =LEN(C25) | E25: 90 | F25: =IF(D25<=E25,"OK","Too long")
A26: Set 5 | B26: Description 2 | C26: ='Ad Sets'!G6 | D26: =LEN(C26) | E26: 90 | F26: =IF(D26<=E26,"OK","Too long")
A28: Items over limit | D28: =COUNTIF(F2:F26,"Too long")
A29: Items over limit (All-in-one RSA) | D29: =COUNTIF('All-in-one RSA'!F2:F22,"Too long")

Sheet Notes
A1: Topic | B1: Note
A2: Purpose | B2: Google Ads copy for the HLB HAMT SugarAI AI sales agent. Sets 1 to 5 are on 'Ad Sets'; 'All-in-one RSA' is a single responsive search ad built from the active sets.
A3: Limits used | B3: Google Ads responsive search ads: headline up to 30 characters, description up to 90, display URL path up to 15. Character counts are live formulas, so edits update automatically.
A4: Source of claims | B4: All benefit claims come from the HLB HAMT SugarAI CRM homepage: lead and opportunity scoring, flagging deals losing momentum, forecasting, drafted account summaries and meeting prep, next-best-action, working with incomplete data, scoring trained on your own won and lost history, cloud or on-premise deployment, 26 years in the UAE and GCC.
A5: Set 3 | B5: Local trust (UAE and GCC). Kept for completeness but marked optional, because UAE and GCC searches are not required.
A6: Not claimed | B6: Autonomous agent actions such as sending emails or booking meetings are not described on the pages provided, so no ad line claims them. Add them only after the SugarAI AI agent feature list is confirmed.
A7: To fill in | B7: Final URL on 'All-in-one RSA' ([SUGARAI PAGE URL]). Confirm the landing page wording matches the ads.
A8: Pinning | B8: Pin 'AI Sales Agent for SugarAI' to headline position 1 and 'Book a SugarAI Demo' to position 3. Leave descriptions unpinned.
A9: Negative keywords | B9: Suggested: free, jobs, salary, course, tutorial.
